pid,ppid,cwd,cmd,utime,stime,rtime,rss,vms
104060,104059,/home/zhanxw/mycode/bench/src,./burnCpu,0.0,0.0,0.0,1425408,12984320
104060,104059,/home/zhanxw/mycode/bench/src,./burnCpu,0.15,0.0,0.155711889267,1425408,12984320
104060,104059,/home/zhanxw/mycode/bench/src,./burnCpu,0.32,0.0,0.319074869156,1425408,12984320
104060,104059,/home/zhanxw/mycode/bench/src,./burnCpu,0.48,0.0,0.486037015915,1425408,12984320
104060,104059,/home/zhanxw/mycode/bench/src,./burnCpu,0.65,0.0,0.653388023376,1425408,12984320
104060,104059,/home/zhanxw/mycode/bench/src,./burnCpu,0.82,0.0,0.820045948029,1425408,12984320
104060,104059,/home/zhanxw/mycode/bench/src,./burnCpu,0.98,0.0,0.986919879913,1425408,12984320
104060,104059,/home/zhanxw/mycode/bench/src,./burnCpu,1.15,0.0,1.15407705307,1425408,12984320
104060,104059,/home/zhanxw/mycode/bench/src,./burnCpu,1.32,0.0,1.32116103172,1425408,12984320
104060,104059,/home/zhanxw/mycode/bench/src,./burnCpu,1.49,0.0,1.48814797401,1425408,12984320
104060,104059,/home/zhanxw/mycode/bench/src,./burnCpu,1.65,0.0,1.65571904182,1425408,12984320
104060,104059,/home/zhanxw/mycode/bench/src,./burnCpu,1.82,0.0,1.82274508476,1425408,12984320
104060,104059,/home/zhanxw/mycode/bench/src,./burnCpu,1.99,0.0,1.98965287209,1425408,12984320
104060,104059,/home/zhanxw/mycode/bench/src,./burnCpu,2.18,0.0,2.17719197273,1425408,12984320
104060,104059,/home/zhanxw/mycode/bench/src,./burnCpu,2.34,0.0,2.3444879055,1425408,12984320
104060,104059,/home/zhanxw/mycode/bench/src,./burnCpu,2.49,0.0,2.48984789848,1425408,12984320
104060,104059,/home/zhanxw/mycode/bench/src,./burnCpu,2.65,0.0,2.65511703491,1425408,12984320
104060,104059,/home/zhanxw/mycode/bench/src,./burnCpu,2.82,0.0,2.82261586189,1425408,12984320
104060,104059,/home/zhanxw/mycode/bench/src,./burnCpu,2.99,0.0,2.98935198784,1425408,12984320
104060,104059,/home/zhanxw/mycode/bench/src,./burnCpu,3.16,0.0,3.1562268734,1425408,12984320
104060,104059,/home/zhanxw/mycode/bench/src,./burnCpu,3.33,0.0,3.32652807236,1425408,12984320
104060,104059,/home/zhanxw/mycode/bench/src,./burnCpu,3.5,0.0,3.49654603004,1425408,12984320
104060,104059,/home/zhanxw/mycode/bench/src,./burnCpu,3.67,0.0,3.66651797295,1425408,12984320
104060,104059,/home/zhanxw/mycode/bench/src,./burnCpu,3.84,0.0,3.83789086342,1425408,12984320
104060,104059,/home/zhanxw/mycode/bench/src,./burnCpu,4.01,0.0,4.00855588913,1425408,12984320
104060,104059,/home/zhanxw/mycode/bench/src,./burnCpu,4.18,0.0,4.18021798134,1425408,12984320
104060,104059,/home/zhanxw/mycode/bench/src,./burnCpu,4.35,0.0,4.35355687141,1425408,12984320
104060,104059,/home/zhanxw/mycode/bench/src,./burnCpu,4.52,0.0,4.52227592468,1425408,12984320
104060,104059,/home/zhanxw/mycode/bench/src,./burnCpu,4.69,0.0,4.69230604172,1425408,12984320
104060,104059,/home/zhanxw/mycode/bench/src,./burnCpu,4.86,0.0,4.86261296272,1425408,12984320
104060,104059,/home/zhanxw/mycode/bench/src,./burnCpu,5.03,0.0,5.03256607056,1425408,12984320
104060,104059,/home/zhanxw/mycode/bench/src,./burnCpu,5.2,0.0,5.20247292519,1425408,12984320
104060,104059,/home/zhanxw/mycode/bench/src,./burnCpu,5.37,0.0,5.37227702141,1425408,12984320
104060,104059,/home/zhanxw/mycode/bench/src,./burnCpu,5.54,0.0,5.54181694984,1425408,12984320
104060,104059,/home/zhanxw/mycode/bench/src,./burnCpu,5.71,0.0,5.70844602585,1425408,12984320
104060,104059,/home/zhanxw/mycode/bench/src,./burnCpu,5.88,0.0,5.87858390808,1425408,12984320
